{
  "body_1": 
  {
    "pos" : [17.81271, 0.0, 0.0],
    "vel" : [0.08747, 0.08747, 0.0],
    "mass" : 1.1,
    "size" : 0.005,
    "name" : "Alpha Centauri A"
  },

  "body_2":
   {
    "pos" : [-17.81271, 0.0, 0.0],
    "vel" : [-0.437384, 0.0, -0.883516],
    "mass" : 0.907,
    "size" : 0.001,
    "name" : "Alpha Centauri B"
  },

  "body_3": {
    "pos" : [1000.0,1000.0,1000.0],
    "vel" : [0.0,0.0,0.0],
    "mass" : 0.0,
    "size" : 0.005,
    "name" : "none"
  }
}