{
  "body_1": 
  {
    "pos" : [-17.81271, 0.0, 0.0],
    "vel" : [0.08747, 0.08747, 0.0],
    "mass" : 1.1,
    "size" : 0.000005,
    "name" : "Corpo 1"
  },

  "body_2":
   {
    "pos" : [17.81271, 0.0, 0.0],
    "vel" : [-0.437384, 0.0, -0.883516],
    "mass" : 0.907,
    "size" : 0.000001,
    "name" : "Corpo 2"
  },

  "body_3": {
    "pos" : [0.0,35.62542,0.0],
    "vel" : [0.0,-0.08747,0.0],
    "mass" : 1.0,
    "size" : 0.000005,
    "name" : "Corpo 3"
  }
}