{
  "body_1": 
  {
    "pos" : [0.0, 0.0, 0.0],
    "vel" : [0.0, 0.0, 0.0],
    "mass" : 1.0,
    "size" : 0.0046,
    "name" : "Sol"
  },

  "body_2": 
  {
    "pos" : [30.069, 0.0, 0.0],
    "vel" : [0.0, 1.149, 0.0],
    "mass" : 5.15e-5,
    "size" : 0.000164,
    "name" : "Netuno"
  },

  "body_3": 
  {
    "pos" : [39.5861, 0.0, 0.0],
    "vel" : [0.0, 0.9992, 0.0],
    "mass" : 6.639e-9,
    "size" : 0.00000794,
    "name" : "Plutão"
  }
}