{
  "body_1": 
  {
    "pos" : [0.0, 0.0, 0.0],
    "vel" : [0.0, 0.0, 0.0],
    "mass" : 1.0,
    "size" : 0.0046,
    "name" : "Sol"
  },

  "body_2": 
  {
    "pos" : [5.20, 0.0, 0.0],
    "vel" : [0.0, 2.737, 0.0],
    "mass" : 0.000954,
    "size" : 0.00047,
    "name" : "Júpiter"
  },

  "body_3": 
  {
    "pos" : [9.53, 0.0, 0.0],
    "vel" : [0.0, 2.038, 0.0],
    "mass" : 0.000285,
    "size" : 0.00038,
    "name" : "Saturno"
  }
}